BookID,Title,Author,Topic,UrlLink,Description,Thumbnail,Tags,HaveCount,WantCount,SellCount,AvgRating,RatingCount
126,101 Machine Knit Trims and Edges,Bonnie Triola,Japanese Machines,,"Lots of unique trims and edges with detailed instructions and illustrations. <br>NOTE: This book has been re-worked by Knit it Now and is available in PDF format. New photos and organized by single and double bed.<br><Br> <i class=""fa fa-shopping-cart"" aria-hidden=""true""></i> <a href=""https://www.knititnow.com/store/product/502/machine-knitting-trims-and-edges-double-bed/digitialdownload"">Machine Knitting Trims and Edges - Double Bed</a><br><br> <i class=""fa fa-shopping-cart"" aria-hidden=""true""></i> <a href=""https://www.knititnow.com/store/product/505/machine-knitting-trims-and-edges-single-bed-pdf/digitialdownload"">Machine Knitting Trims and Edges - Single Bed</a>",image38.jpg,Finishing,9,2,4,0.00,0
37,"50 Ways to Love Your Knitter, Mary Anne Oger, ","Oger, Mary Anne",Both Japanese and Passap Machines,http://www.knitwords.com/home.html,"A collection of bands, edges, trims, starts and finishes for all Japanese machines. 29 single bed and 21 double bed treatments, lots of techniques!",50 ways.jpg," Fabric/Surface Design, General Reference, Techniques",6,9,6,5.00,1
101,60 Quick Baby Knits,Cascade Yarns,General Knitting,https://amzn.to/3NmluTL,A book of beautiful baby knits. Simple patterns that are easily convertible to the knitting machine.,image16.jpg,"charting, Finishing, Patterns, Techniques",7,2,3,4.00,1
161,60 Quick Knit baby Essentials,Cascade yarns,Hand Knitting,https://amzn.to/4aWpKWG,"Originally designed for Cascade yarns, specifically their Cherub dk acrylic yarn. Tension for most projects appears to be 20-27 stitches and 30-40 rows to 4"" (10 cms). From sweaters to blankets to onesies and toys, from garter stitch to cables and lace these delightful designs are true essentials for every knitter and baby.  While this book is geared to hand knitters, a lot of the patterns could easily be adapted or converted to use with a mid gauge machine.",60 Quick Knit Baby Essentials.jpg," Fabric/Surface Design, Patterns",5,2,3,5.00,1
36,A Machine Knitter’s Guide to Creating Fabric,"Lewis, Susanna and Julia Weissaman",Both Japanese and Passap Machines,https://amzn.to/3MHSWni,,guide_to_fabric_jpg.jpg," Fabric/Surface Design",18,7,5,4.80,5
34,"A Second Resource Book for Machine Knitters,","Kinder, Kathleen",Both Japanese and Passap Machines,https://amzn.to/3LLCrqu,"There is a first version of this book<br> <a href=""https://www.knititnow.com/books/33/resource-book-for-machine-knitters"">Resource Book for Machine Knitters</a>",second_jpg.jpg," Fabric/Surface Design, General Reference",8,3,5,4.50,2
177,A Treasury of Garter Stitch Patterns,Cater Elaine and Caroline Nelson," ",,,Knitting-Machine-Booklet-For-Brother-Treasury-Of-Garter.webp,Garter Carriage,7,31,2,0.00,0
3,"ABC of Perfect Knitting: Patterns, Pockets, Collars, Hints.  ",1,Passap,1,555,abc.jpg,"charting, General Reference",8,4,7,4.50,2
77,Add a Hood to ANY Knitting Pattern (Digital),"Knit it Now, Sue Jalowiec",Both Japanese and Passap machines,https://www.knititnow.com/store/product/728/add-a-hood-to-any-knitting-pattern/digitialdownload,Adding a hood adds a practical designer touch to any sweater. You don't need to search for a machine knitting pattern with a hood ... create your own! <ul>  <li>8 hood styles</li> <li>Perfect for kids and adults</li> <li>Workbook style fill-in-the blanks format</li> </ul> 36 pages,hood.jpg,NULL,9,7,6,5.00,2
180,"Adventures with Color, book 1 (3 and 4-color jacquard patterns; cut an sew jacket pattern included; 930 DAK disc included)",Griffiths Helen," ",,,adventures-with-color-helen-griffiths.jpg,NULL,5,2,2,0.00,0
42,An Illustrated Handbook of Machine Knitting,"Nabney, Janet",Both Japanese and Passap Machines,https://amzn.to/3kzaxlu,"Many people enjoy the speed and ease of machine knitting, but cannot fully explore the possibilities of the craft because they lack technical expertise. This book explains in detail how the knitting machine works and what it can do.",illustrated.jpg,Techniques,25,12,6,5.00,3
145,At Wits' End,Pat Havermann & Monica Wiederin,Stitch patterns,,Punch card and computer patterns - Probably close to 75 various patterns Table of Contents Punch Cards 3-19 Computer Fairisle  20 Computer Single Motif  21-6 Knitted Wall Clocks  27-38 Numbers  39 Letters  39,At Wits end.jpg," Fabric/Surface Design, charting, Patterns",6,4,7,0.00,0
151,"Babie, Bears, & Balloons","Christie, L. and Diana Sexton",Stitch patterns,,Baby's Burp Towel Baby Nightie Abay Coat/Sweater Baby Bonnet Raglan Sleeve Sweater with Duck Rompers Sideways pleated Skirt Footed Pants Gingham Bear Afghan (reversible) The Three Bears Afghan (reversible),Bears Babies and balloons.jpg,Patterns,7,3,7,0.00,0
91,Basic Course for the Passap,Amanda Van DernMerwe,Passap,,Basic course for using the Passap Duomatic techniques,image6.jpg,"Machine Manual, Techniques",9,5,9,0.00,0
193,Bible for Machine Knitting,Silver Knitting Institute,Techniques,,"Teaches all the basics for using a knitting machine: Examples:  casting on & off, increase, decrease, manual joining,  220 techniques. Illustrations are excellent & easy to understand.  No longer in print but a treasure to have if you can find one. The accompanying book is How to knit garments from children to lady’s & men. ",IMG_0513.jpeg,"General Reference, Techniques",8,4,6,5.00,1
24,"Blocking for Machine Knitters, Patricia Kay Hampton","Hampton, Pat",Both Japanese and Passap Machines,https://amzn.to/3w0dIrP,Chapters include: Fibers and Spinning; Yarn; Blocking Equipment; Fiber/Yarn Treatment Table; Blocking of Garments; Care of Garments; Dry Cleaning.,blocking.jpg,"Finishing, Techniques",4,8,4,0.00,0
44,Book of Linked Edgings and Finishing,"Palmer, Audrey",Both Japanese and Passap Machines,https://amzn.to/38PmQHS,,booK_of_linked_jpg.jpg," Fabric/Surface Design, Finishing",4,1,1,0.00,0
170,Brother Ribber Tehnique Book,,Ribber,https://www.knititnow.com/ManualAndDocuments/BEDC6DC3-5056-A02D-DF36-44AC3566FB71/brother-ribber-techniques-book,"Although out of print, the digital version of this classic is available for free. <br> This book includes 20 basic ribber pattern stitches, increasing and decreasing on the ribber, partial knitting and lots of tips and tricks.",brother_ribber_technique_book.png,"General Reference, Techniques, Ribber",8,2,3,0.00,0
93,Bulky Cardigan Collection,Sandra Dominiak,Japanese Machines,,"A simple way of making Drop shoulder v-neck cardigans on the bulky knitting Machine starting at children’s size 2 through adult. No charts, but detailed instructions.",image8.jpg,"Finishing, Patterns, Techniques",7,2,4,0.00,0
162,Cables,Bill King,Hand Manipulation,https://amzn.to/3TvzEYU,"Cables are a traditional knitwear favourite and feature increasingly in contemporary fashion collections. By simply crossing stitches over, in effect altering the order in which they are knitted, patterns from the simplest twist to the most intricate directional patterns can be produced on even the simplest knitting machine. Once a few basic techniques have been mastered, the number of cable designs available is virtually endless. With the learning of a few more advanced methods, different directions soon suggest themselves, giving scope for the knitter's own creativity to truly flourish",cables1.jpg," Fabric/Surface Design",12,3,3,5.00,1
8,Card 1,"Armitage, Kate","Fabric, Surface Design",https://www.metromachineknitting.co.uk/product-page/book-card-1-by-kate-armitage,This book is suitable for all punch cards and electronic machines,card1_1.jpg," Fabric/Surface Design",9,4,6,1.00,2
163,Card 3,"Armitage, Kate",Fabric/Surface Design,https://www.metromachineknitting.co.uk/product-page/book-card-3-by-kate-armitage,"This book is suitable for all punch cards and electronic machines. <br>    Table of content: Introduction, Punch card, Fairisle, Slip stitch, weaving, Tuck, Tuck Lace, Tucked ribs, Punch Tuck ribs, Punch Pintuck, Giant hairpin spines, Edgings and Lace Trims, Main bed braids, Ribbed braids, Plating, Punch lace, Lace, Electronics.",card3_1.jpg," Fabric/Surface Design",5,2,3,0.00,0
189,Cardigan Renaissance via the Garter Carriage,Sweet Norma," ",,,NULL,NULL,7,2,3,0.00,0
9,Casting On and Binding Off,"Bengelsdorf, Grace",Both Japanese and Passap Machines,,,needs_image11.jpg,Techniques,6,2,4,0.00,0
54,"Chart-Rite, ","Sweet, Norma",Both Japanese and Passap Machines,https://amzn.to/3OUDk1L,,chart_rite_jpg.jpg,charting,9,2,3,0.00,0
152,Christmas Keepsakes,"Overmann, Glenda",Stitch patterns,,32 holiday patterns with construction instructions and punch designs.  Black and white photos of each item.,Christmas Keepsakes.jpg,Patterns,4,3,8,0.00,0
100,Classic Cardigans,Uniquely Yours,Japanese Machines,,Machine knitting a basic cardigan in 19 different sizes with charting and detailed instructions. Easy to follow.,image15.jpg,"charting, Finishing, General Reference, Patterns, Techniques",10,7,6,5.00,1
183,Colorful Machine Knitting: Fairisle Motifs Intarsia,Harmony Guide," ",,,NULL," Fabric/Surface Design",7,2,4,0.00,0
4,Complete Book of Knitting,"Abbey, Barbara",General Knitting,https://amzn.to/3yfg9JE,,"Complete Book of Knitting, New York.jpg",General Reference,13,4,8,4.50,2
12,Creative Machine Knitting,"Elliott, Sally-Anne",Both Japanese and Passap Machines,https://amzn.to/3w0ofmU,"Containing patterns for more than 120 original stitches and fabrics and a collection of garments, this is a book for anyone interested in machine knitting.",creative_machine_knitting.jpg," Fabric/Surface Design, Patterns",22,3,10,4.33,3
41,Creative Machine Knitting,"Mendelson, Linda",Both Japanese and Passap Machines,https://amzn.to/3LFPqtz,Creative Machine Knitting explores the magical craft and the entire machine knitting process. Throughout the book are examples of beautiful and creative machine knitting.,creative_mking.jpg," Fabric/Surface Design",8,6,7,0.00,0
55,"Curves, Curves, Curves","Sweet, Norma",Both Japanese and Passap Machines,,,needs_image10.jpg,Patterns,6,2,3,0.00,0
31,Deep Cleaning Your Passaps,"Kaufman, Kristine",Passap,NULL,NULL,needs_image9.jpg,General Reference,7,3,2,0.00,0
120,Designer Machine Knitting,Vanessa Keegan,Both Japanese and Passap Machines,,"Stunningly beautiful timeless designs including styles for men, women and children - pullovers, vest, cardigans, and dresses. Complete with charts for each garment as well as beautiful illustrations. Adaptable to any knitting machine, punchcard or electronic or use with DAK.",image33.jpg," Fabric/Surface Design, charting, Finishing, General Reference, Patterns, Techniques",13,2,3,5.00,2
76,Designer Pencil Skirts for Machine Knitters (Digital),"Knit it Now, Sue Jalowiec",Both Japanese and Passap Machines,https://www.knititnow.com/store/product/524/designer-pencil-skirts-for-machine-knitters/digitialdownload,Machine knitters can quickly knit gorgeous skirts that rival designer styles in both price and custom fit! Master the tricks for professional finishes with this detailed book.,pencil_skirt.jpg,NULL,3,2,3,0.00,0
159,Designing Garments on the Knitting machine,Janet Nabney,General Knitting,https://amzn.to/3vJ30cD,"This books shows how easy it is to master pattern drafting for the knitting machine, by following logically from the basics through more elaborate techniques. Knitted fabrics can be draped, pleated, gathered. pattern drafting skills known to dressmakers for many years are now adapted for machine knitters so they can reproduce couture garments. Take accurate body measurements and analyze how a garment is constructed and produced.   There are also many basic pattern blocks and charted designs to get you going.",Designing Garments on the Knitting machine.jpg,"charting, General Reference, Patterns, Techniques",12,3,8,5.00,1
121,Double Bed Color Changer,Diane Bennet,Techniques,,This book is written for brother double bed colored changers and includes information for owners of punchcard and electronic machines.,image34.jpg,"General Reference, Machine Manual, Patterns, Techniques",5,3,6,0.00,0
115,Double-Bed Jacquard in Eight Easy Lessons,Jerry Ritthaler,Techniques,,"Learn double-bed jacquard the easy way -punchcard, electronics and DAK adaptable",image28.jpg,"Patterns, Techniques",4,4,6,0.00,0
53,Drafting Made Easy: A Guide for All Knitters,"Stern, Jill",Both Japanese and Passap Machines,https://amzn.to/3scneXv,,drafting_made_easy.jpg,Patterns,7,4,8,0.00,0
182,Easy and Elegant Double Knit Mittens,Grzegorczyk Lezley," ",,,NULL,Patterns,4,1,2,0.00,0
153,"Easy and Elegant Starburst Doiles: Includes 10, 22, and 36 inch dolies and 50 and 70 inch tablecloths","Grzegorcyk, Lezzley",Stitch patterns,,"Line by line instructions, no pictures or diagrams.",Easy and Elegant Dollies.jpg,Patterns,2,1,2,0.00,0
105,Easy Fairisle for the Brother Ribber,Mary Weaver,Techniques,,"Detailed easy to understand with illustrations and photos and charts. Includes  27 garment patterns with step by step instructions. Very detailed. Good for beginners and experts. ",image19.jpg," Fabric/Surface Design, charting, Finishing, General Reference, Machine Manual, Patterns, Techniques",6,2,9,0.00,0
192,"Easy Fairisle for the Brother Ribber (Electronic, Punchcards, including single bed patterns for chunky machines)",Weaver Mary," ",,,NULL," Fabric/Surface Design, Patterns",5,2,3,0.00,0
160,Easy Peasy 4 ply socks,Christine Westhead,Single Bed Knitting Machines,https://amzn.to/3S7Wqnr,"A quick and simple method of machine knitting 4 ply adult socks. Try sew-as-you-go for a seamless look on a flat bed machine. Charts for adjusting the pattern for larger sizes is included.  The author says ""I used to knit all my socks by the one seam method detailed on page 24 until my husband complained that the seam rubbed his toes. After a disastrous attempt at grafting, I came up with this sew-as-you-go method which is surprisingly quick, easy and perfect: no more sewing side seams and the toes are nice and smooth.""",Easy peasy 4 ply socks.jpg,"Patterns, Techniques",5,4,6,0.00,0
117,Exploring the E-6000 - Beyond the Basics,Jeanne Oneacre,Passap,,"Explanation of E-600 techniques so you understand what each does and ways to go beyond the basics    Demonstrates suggestions and uses beyond the manual. More advanced programming shown in detail. Practice with the sample patterns. Covers card reading and drawing. Comes with a video. Not for beginners, but helpful  to go to the next level. ",image30.jpg,"Patterns, Techniques",6,6,5,0.00,0
103,Fabulous Fairisle,John Allen,General Knitting,https://amzn.to/3wsHEhx,"Treasure trove of  gorgeous  full color fairisle designs for hand and machine knitters with charts for easy to punch cards, electronic machines or DAK. ",image171.jpg," Fabric/Surface Design, charting, Patterns, Techniques",7,5,10,4.00,1
15,Fashion Knit Course Outline,"Faust, Regina",Japanese Machines,https://amzn.to/38MjbKO,"This book contains the knitting exercises used in the 2 year fashion knit course that the author taught for 10 years at Sheridan College, in Oakville, Canada.<br><br> It is NOT a beginners instruction book, but it teaches all of the different skills required to  make use of the full capacity of the knitting machine as a versatile tool.",fashion_knit_course_outline_jpg.jpg,Techniques,16,5,6,4.00,3
10,Flawless Knit Repair,"Crockett, Rena",Both Japanese and Passap Machines,https://amzn.to/3kF3k3p,,flawless_jpg.jpg,"General Reference, Techniques",6,4,9,0.00,0
30,"Fundamentally Passap, Sylvia Jones","Jones, Sylvia",Passap,,,needs_image8.jpg,"General Reference, Techniques",6,2,6,0.00,0
99,Going Places in Ribber Skirts &Tops,Jan Mills and Jan Wold,Japanese Machines,,Step-by-step learning to use your Ribber.  Very detailed and great for beginners.,image14.jpg,"charting, Finishing, General Reference, Machine Manual, Patterns, Techniques",9,3,4,0.00,0
98,Going Places with the Passap in Mind,Jan Wold &Jan Mills,Passap,,"Step-by-step learning how to use a Passap E – 6000 or  Duomatic 80. Patterns for several different styles of sweaters or with charts and step-by-step instruction. And it goes through the various settings on the machine, what they mean and how to use them.  A great way to learn to use a Passap ",image13.jpg,"charting, Finishing, General Reference, Machine Manual, Patterns, Techniques",7,4,4,0.00,0
89,Going Places With Your Bulky,Jan Wold and Jan Mills,Japanese Machines,,Great way to learn how to use a bulky machine. It walks you through step-by-step use of the machine and includes patterns for you to try with step-by-step instructions.,image5.jpg,"charting, Finishing, General Reference, Machine Manual, Patterns, Techniques",6,2,4,0.00,0
112,Going Places with Your Compuknit 930/940,JanWold And Jan Mills,Japanese Machines,,"Step by step learning to use the Brother 930/940. Great for beginners. Starts with “Turn on your machine…” then walks you through every single step in making each of the 8 sweaters including patterning. ",image25.jpg,"charting, Finishing, General Reference, Patterns, Techniques",5,2,4,0.00,0
23,Guide to Knitting Techniques,Unknown,Japanese Machines,,,needs_image1.jpg,"General Reference, Techniques",5,2,3,0.00,0
22,Hand Knits by Machine,"Guagliumi, Susan",Both Japanese and Passap Machines,https://amzn.to/386z9iK,"Hand Knits by Machine is the one book that fully addresses the issues involved in adapting hand knit patterns and techniques to a knitting machine. Heavily illustrated with photographs and illustrations, the book puts as much emphasis on ""why"" as it does ""how"" and will guide both hand and machine knitters through the process.",kh_by_machine_susan.jpg,Techniques,29,3,5,4.75,4
171,Hand Manipulated Stitches for Machine Knitters,Sus Guagliumi,Hand Manipulation,https://amzn.to/4bPqUnJ,"Classic Inspiration for machine knitters using any machine.<br> Buy it new: <a href=""https://amzn.to/4bPqUnJ"" target=""_blank"">Knit it Now affliate link</a>",hand-manipulated-stitches-for-machine-knitters.jpg," Fabric/Surface Design",4,2,3,0.00,0
176,Hand Tooling with the Garter Carriage,Cater Elaine and Caroline Nelson," ",,,hand tooling.jpg,Garter Carriage,6,3,25,0.00,0
20,Hand-Manipulated Stitches for Machine Knitters,"Guagliumi, Susan",Hand Manipulation,https://amzn.to/38NaTCg,"Black and white, 250 pages, paper-back. HMS, the top-selling machine knit book for the last 20 years, has been used as a text in numerous schools in the U.S. and abroad. Paper back and hard cover editions available.",hand_manipulated_stitches.jpg,Techniques,46,3,5,4.78,9
108,Handknits by Machine,Susan Guagliumi,Techniques,https://amzn.to/3LuIVc4,"tips and tricks to make machine knits look more like hand Knits and help hand knitters learn to machine knit. Clear concise directions, explicit photographs. A great way to learn to use hand knitting techniques on a knitting machine.",image22.jpg," Fabric/Surface Design, charting, Finishing, General Reference, Patterns, Techniques",20,10,11,4.50,2
185,Handtooling on the chunky knitting machine,Kinder Kathleen," ",,,Handtooling-on-the-chunky-knitting-machine.jpg," Fabric/Surface Design",8,2,4,0.00,0
129,Haute Couture of the Cut and Sew Technique,Manon Salois,Japanese Machines,,"Easy to follow Step-by-step instructions for machine knitters wanting to learn to create cut and sew necklines, neckbands and armholes. Variety of neckline finishes and neckbands fully illustrated and with lots of sample projects to perfect your cut an sew skills. The accompanying video is even more explicit.",couture.jpg,"Finishing, Techniques",5,9,6,5.00,1
165,How to Chart Manual,Nancy King,General Knitting,," Large paperback (290+ pages) answers the questions of how to size and write garment pieces to fit any body measurements using all types of yarn.",how_to_chart.jpg,charting,6,5,6,0.00,0
62,"How To, 101 Ways to Seam, Join and Pick up Stitches",Yo’s Needlecraft,Both Japanese and Passap Machines,https://amzn.to/3vESLnl,,101 ways.jpg,Finishing,7,4,7,3.00,1
164,Japanese For Machine Knitters,Mary Weaver,Both Japanese and Passap Machines,,"This is a combination of a textbook  on the Japanese Language with emphasis on the characters, combined with a description of how Japanese machine instructions and knitting patterns are published.  <em>""The basis of a Japanese pattern is a detailed drawn shape of each garment section and the minimum of explanatory text.""</em> This is an excellent reference for anyone translating vintage manuals, magazines and patterns in Japanese.  Although the majority of the book focuses on the Japanese language <em> ""The ability to read Japanese text is less important than being competent with a charting device and understanding the information given on the drawn diagram""</em>",japanese_for_machine_knitters_book.jpg,General Reference,9,5,5,5.00,1
6,John Allen’s Treasure of Machine Knitting Stitches,"Allen, John",Both Japanese and Passap Machines,https://amzn.to/3FgSN7Y,"Designed as a complete guide for today's machine knitter, this book presents an array of stitches covering the structures of tuck stitch, lace, weaving, jacquards, cut float techniques, partial knitting, needle out effects, and edgings and braidings. The stitch patterns are designed to fit any standard 24 needle repeat, and the book contains alternative ideas for interpretation, and encourages the development of new ideas for exploiting the colour and texture of materials.",john_allen_stitches.jpg," Fabric/Surface Design, Techniques",28,5,16,4.67,6
138,Knit Alphabets Plus,John Swanson,Both Japanese and Passap Machines,,"Alphabet designs, monograms, as well as designs for animals, dinosaurs, flowers, hobbies, etc. with Charts and illustrations and a few hat patterns. If you need a design, it’s probably in this book. The smaller designs can be used on punchcards and the larger ones will work with DAK and electronics. ",image50.jpg," Fabric/Surface Design, Patterns",6,3,8,0.00,0
150,Knit Alphabets Plus for machine knitters,"Swanson, J. A.",Stitch patterns,,"Slantted alphabet Sideways alphabet, numerals, and hearts Cfest Alphabet Crest coaster pattern Square monogram Negative/Positive or sculptured alphabet Negative/Positive or sculptured alphabet Instructions Banner alphabet and numerals Script lower case alphabet Letterman alphabet Sport numeral Helpful hint: Fastening floats Sports with small alphabet and numerals Megaphone with small alphabet and numerals Flap ski hat patterns Music School Daze Crayons with lower case alphabet Cars and trucks Novelty vehicle gift bag pattern Anchors, whales, footprints Smiles Ducks, bear, sheep, elephant Dionsaur, icream cone, dog, frog, swans Flower, a tad of lace Bear, stars with Moon, Elephant Airplane, pig, utrtle Cat, Hobby Horse, Dog with bone Heart lollipopo, Rocking Horse, Cow Index",Knit Alphabets Plue.jpg,Patterns,6,5,6,0.00,0
147,Knit In Color:  Punch Card & Computer Patterns,"Havermann, P., Havermann, T., &Tim Havermann",Stitch patterns,,52 patterns with charts and directions for the following machines: Brother Knitking Toyota Singer Studio,Knit in color.jpg,Patterns,4,3,7,0.00,0
149,Knit Monograms plus...for machine knitters,"Swanson, J. A.",Stitch patterns,,"Instructions and designs for aplphabets, monograms, & numbers. 25 Heart designs 26 Strawberry & Apple designs 27 Butterlly designs 28 Punchcards",Knit Monograms plus1.jpg,Patterns,4,2,5,0.00,0
148,Knit Monograms pluss...for machine knitters,"Swanson, J. A.",Stitch patterns,,"Instructions and designs for aplphabets, monograms, & numbers. 25 Heart designs 26 Strawberry & Apple designs 27 Butterlly designs 28 Punchcards",Knit Monograms plus.jpg,Patterns,4,2,3,0.00,0
49,Knitting in Plain English,"Righetti, Maggie",General Knitting,https://amzn.to/3Fgjo51,"Righetti gives readers what they've asked for: advice on making all different garments, working with new patterns and different kinds of yarn, and even an introduction to her own legendary history. Neither aggressively hip nor bafflingly encyclopedic, Knitting in Plain English offers basic principles that will make any project---from a basic blanket to an intricate sweater---rewarding",plain_english.jpg,Finishing,11,3,4,5.00,1
18,Knitting in the Old Way: Designs and Techniques from Ethnic Sweaters,"Gibson-Roberts, Priscilla",General Knitting,https://amzn.to/3vF4YrZ,A wonderful resource for old and new who like to knit.,old_way.jpg," Fabric/Surface Design, Finishing, Patterns",17,5,7,5.00,1
96,Knitting Machine Workbook,Tami Nobuki,Japanese Machines,,"Completes step-by-step instructions on how to use various knitting machines, including techniques such as short rowing, garment shaping, using the garter bar, Making pockets and buttonholes.",image11.jpg,"Finishing, General Reference, Techniques",18,2,5,0.00,0
109,Knitting Machine Workbook No.2 Basic Ribber Techniques,Tami Nobuyuki,Techniques,,"Step by step instructions on how to use your Ribber. Learn the basics and move on to expertise in all ribbing techniques. Great book for beginners and more advanced knitters. ",image23.jpg,"Finishing, General Reference, Machine Manual, Patterns, Techniques",19,10,9,5.00,1
94,Knitting Necklines,Sylvia Jones,Passap,,"A manual  describing a variety of techniques for finishing neck lines, with specific instructions for the Passap D — 80 or E – 6000. Includes templates.",image9.jpg,Techniques,5,3,3,0.00,0
38,Knitting on the Edge,"Oger, Mary Anne",Both Japanese and Passap Machines,http://www.knitwords.com/home.html,"This compilation of 26 single bed and 24 double bed bands, edges, trims starts and finishes has been put together in a workbook style presentation just as they were in 50 Ways To Love Your Knitter. The majority of trims in this collection, like its cousin (50 Ways) can be used in virtually any yarn and on any gauge machine. While Mary Anne doesn't claim total originality with all the edges, the majority of them are the result of her own experiments. Many are brand new and several are the result of working with Passap patterns with Knitwords magazine.",knitting_on_the_edge.jpg," Fabric/Surface Design, General Reference, Techniques",10,5,8,0.00,0
52,"Knitting Plus: Simple, Stunning Techniques for Embroidered Knitting","Stanley, Montse,",Both Japanese and Passap Machines,https://amzn.to/3vYxDYc,,knitting_plus.jpg,Techniques,7,4,6,4.00,1
83,Knitting With the Lights Off,Bille Hall,Passap,,A guide to knitting on the E – 6000 without electronics. It includes basic knitting techniques and patterns. Excellent book for beginners.,image1.jpg,"General Reference, Machine Manual, Patterns, Techniques",11,14,10,5.00,1
111,Lathe’s Knits for Passap Babies,Kathe Keck,Passap,,"Basic instructions for making baby clothes on a Passap including cut and sew necklines, buttonholes, etc.",image24.jpg,"Finishing, Patterns",4,2,4,0.00,0
169,Linking Knitwear for Machine Knitters,Helen Sharp,General Knitting,,"Step by step instructions for using a linker to get a professional finish on your machine knitted garments.<br> <a href=""https://amzn.to/472Boxz"" target=""_blank"">Buy from Amazon (affiliate link)</a>",linking.jpg,Finishing,9,5,6,5.00,1
130,LK-150 Classics,Irene Woods,Japanese Machines,,"While the reference is to the LK – 150, these patterns can be used with any knitting machine as they are very basic. Easy to use with clear, concise directions and illustrations as well as charts.",image42.jpg,"charting, Finishing, General Reference, Patterns",10,19,8,5.00,1
32,Machine and Hand Knitting Pattern Design,"Kinder, Kathleen",Both Japanese and Passap Machines,https://amzn.to/37bffmv,"For many years there has been a gap between hand and machine knitting, with hand knitting having a reputation for being more conservative and less adventurous. Today, as more and more knitters experiment with both types, there is a need to bridge the gap and also to give hand knitting a firm basis for future developments by introducing an internationally recognised system of pattern notation. Kathleen Kinder does this by first exploring the history of pattern working in order to clear up any misunderstandings",pattern_design_kinder.jpg," Fabric/Surface Design",15,2,4,0.00,0
119,Machine Knits by Valerie Carter,Valerie Carter,Both Japanese and Passap Machines,https://amzn.to/3PIakeg,"Forty patterns with easy to follow pattern instructions, and illustrations. Patterns adaptable to all makes of machine. Variety of sweater sleeves, colors and neck lines for limitless pattern combinations with a special section explaining the essential techniques.",image32.jpg,"charting, Finishing, General Reference, Patterns, Techniques",10,2,5,0.00,0
82,Machine Knitting,Injoo Kim and Ruth Burbank,Japanese Machines,https://amzn.to/38AzJ8H,"This book is a study in the fundamentals of knitting machine operation. It covers a variety of knitting machines. And it gives you general information about knitting machines and supplies, basic beginning knitting techniques and simple beginner projects. It covers  Silver Reed and Brother  machines primarily.  It comes with a very helpful DVD.",image.jpg,"charting, Finishing, General Reference, Machine Manual, Patterns, Techniques",11,4,8,0.00,0
78,Machine Knitting Designing with Colour,Alison Dupernex,Japanese Machines,https://amzn.to/3a50RNF,"A beautiful inspirational modern machine knitting book. Alison covers a history of hand frame knitting, techniques and stitches, the design process, designing with stripes, colour, circles, fair isle, lace and sculptural vessels. The book finishes with a section on knitting as a business. Her colour combinations are divine and the garment patterns have simple unstructured shapes giving them a contemporary look. The book also contains photos of all the punch cards used. ",Screenshot 2022-05-14 222203.gif," Fabric/Surface Design, General Reference, Patterns, Techniques",17,5,6,5.00,1
66,Machine Knitting Technology & Patterns,Mary Weaver,Techniques,,,needs_image6.jpg,NULL,7,3,5,0.00,0
75,Machine Knitting Trims and Edges - Double Bed (Digital),"Bonnie Triola, Sue Jalowiec",Japanese Machines,https://www.knititnow.com/store/product/502/machine-knitting-trims-and-edges-double-bed/digitialdownload,"Beautiful double bed trims and edges for Japanese machines. Dress up your knitting! <ul> <li>24 double bed techniques</li> <li>Updated with full color photos</li> <li>Clear Charts and diagrams</li> <li>Searchable</li> </ul> This updated book is based on Bonnie Triola's original 101 Trims and Edges book. It contains double bed techniques only.<br><br> ",trims_edges2.jpg,NULL,7,3,3,4.00,1
74,Machine Knitting Trims and Edges - Single Bed (Digital),"Bonnie Triola, Sue Jalowiec",Japanese Machines,https://www.knititnow.com/store/product/505/machine-knitting-trims-and-edges-single-bed/digitialdownload,"Dress up your knitting<br><br> This updated book is based on Bonnie Triola's original 101 Trims and Edges book. It contains single bed techniques only. Use any machine, no electronics are required.   ",trims_edges.jpg,NULL,10,6,9,4.50,2
154,Make Your Knitting Machine Sing,Scott Renno and James Dixon,Brother machine maintenance,https://store.dknits.com/pd-make-your-knitting-machine-sing.cfm,NULL,BookMakeYourKMSing.jpg,NULL,12,11,5,5.00,1
58,Mary Thomas’s Knitting Book,"Thomas, Mary",General Knitting,https://amzn.to/3s4EIVV,,mary_thomas.jpg,General Reference,12,2,4,4.00,1
157,Mid-Gauge Basics and Much More,Charlene Shafer,Single Bed Knitting Machines,https://knitknackshop.com/shop/books/books-by-charlene-shafer/0543mid-gauge-basics-much-more/,"Basic techniques for LK 150 and other Mid Gauge and Bulky Machines. lessons with row by row instructions and colour photos. Actual projects, such as scarf, blanket, shawl and cardigans. All techniques including tuck, slip and lace have rwo by row instructions",Mig gauage Basics and Much More.jpg,"Patterns, Techniques",9,2,2,0.00,0
21,More Hand-manipulated Stitches for Machine Knitters,"Guagliumi, Susan",Hand Manipulation,https://amzn.to/3LF1gEr,"More Hand Manipulated Stitches, the long-awaited sequel to Hand Manipulated Stitches for Machine Knitters, explores and explains every facet of bridging stitches on a knitting machine.",more_hand_susan.jpg,Techniques,26,7,7,4.80,5
141,Mosaic Knitting,Barbara Walker,Stitch patterns,https://amzn.to/3B0wWkx,Excellent hand knitting inspiration for the <a data-GlossaryId='707' class='glossaryhelp'>Mosaic Knitting <i class='fa fa-question-circle' aria-hidden='true'></i></a> technique.<br> Although written for hand knitters machine knitters can use these designs as inspiration for <a data-GlossaryId='709' class='glossaryhelp'>Multi-color Slip <i class='fa fa-question-circle' aria-hidden='true'></i></a> and <a data-GlossaryId='708' class='glossaryhelp'>Multi-Color Tuck <i class='fa fa-question-circle' aria-hidden='true'></i></a> both on the single and double beds.,mosaic_knitting.jpg," Fabric/Surface Design",8,3,4,4.50,2
106,Motif Magic,Jilly Austwick,Techniques,,"Lots of great motifs for hand and machine knitters with patterns, charts and detailed directions. Great for DAK. ",image20.jpg,"charting, Patterns, Techniques",9,2,6,0.00,0
139,My First Pattern Book,Charlene Shafer,Japanese Machines,,"Covers the built-in features of the knitting machine as well as teaches basic techniques through the use of patterns. Teaches Fairisle, talk, slip, lace, and weaving. There are patterns for a stocking hat, scarf and child sweater with step-by-step instructions.",image51.jpg,"charting, Finishing, General Reference, Patterns, Techniques",8,2,4,0.00,0
60,Neckline Encyclopedia,,Both Japanese and Passap Machines,https://amzn.to/3MR8Pb5,NULL,neckline_encyclopedia.jpg,Techniques,10,11,11,5.00,1
131,NFL Sweaters,Nomis Yarns,Both Japanese and Passap Machines,,Easy to make Intarsia designs for 14 AFL teams.  Charts are very easy to use with DAK and your favorite sweater or Afghan pattern. Directions are included for a basic sweater.,image43.jpg," Fabric/Surface Design, Patterns",4,5,5,5.00,1
43,Nicely Knit Lines,"Norman, Mary Louise",Both Japanese and Passap Machines,https://amzn.to/3LJ83Nj," Professional Pattern Drafting for Machine Knitters. If you aren't familiar with Mary Louise Normans work then you are in for a treat. She wrote fantastic books. The author of all authors. This book is 146 pages<br><br> If you don't understand how to draft your own pattern then this book will teach you. All aspects of drafting, from a detailed explanation of the Basic to more complex designing techniques have been covered in this book. They are written clearly and concisely in full detail.",nicely_knit_lines.jpg,Patterns,11,8,6,4.00,3
190,"Nursery Rhyme Knits, volume 2, for all punchcard and electronic knitting machines",Waterhouse Phyllis," ",,"this is available as a download here https://www.knititnow.com/store/product/532/nursery-rhyme-knits-vol/digitialdownload ",NULL," Fabric/Surface Design, Patterns",5,2,4,0.00,0
155,Passap Cut and Sew Collars and Bands,Michael Becker,Passap,https://store.dknits.com/pd_passap_neckline_book.cfm,"Self-Folding, Crew Neck, Sandwich Style and more.",PassapBandsCover.jpg,NULL,7,3,7,5.00,1
45,Passap Drive-Thru Club Programs,unknown,Passap,NULL,NULL,needs_image5.jpg,Techniques,5,4,8,0.00,0
46,Passap Duomatic 80 Manual,Passap,Passap,NULL,NULL,dm80.png,Machine Manual,6,2,9,0.00,0
47,Passap E6000 Manual,Passap,Passap,NULL,NULL,passap_e6000_manual.png,Machine Manual,6,2,2,0.00,0
39,Passap Personal Instructor E6000 Part One,"Oneacre, Jeanne",Passap,,,needs_image4.jpg,Techniques,4,4,4,0.00,0
40,Passap Personal Instructor E6000 Part Two,"Oneacre, Jeanne",Passap,,,needs_image3.jpg,Techniques,5,3,7,0.00,0
136,Punch Another Bunch,Hallandall,Both Japanese and Passap Machines,,More designs for the punchcard and DAK,image48.jpg,Patterns,4,1,3,0.00,0
135,Punch-A-Bunch,Hallandall,Both Japanese and Passap Machines,,Lots of  punchcard designs that can easily be transferred to DAK,image47.jpg,Patterns,6,2,2,0.00,0
128,Quick Thick Machine Knis,Mary Davis,Japanese Machines,,"Many beautiful sweater, tops, designs for the bulky machines with charts and complete instructions for each. Sweaters for men and women. Lots of beautiful photographs of each Sweater. The charts and design patterns could easily be adapted for any machine Dash punchcard, electronic and DAK",image40.jpg," Fabric/Surface Design, charting, Finishing, Patterns",9,4,8,5.00,3
48,Reader’s Digest Complete Guide to Needlework,Unknown,General Knitting,https://amzn.to/3FcXP5B,"More than twenty-six hundred drawings and photographs and clearly presented directions provide an understanding of the techniques involved in numerous traditional needlework crafts, including embroidery, quilting, applique, macrame, knitting, and rug hooking",complete_guide.jpg,Finishing,13,2,5,5.00,1
140,Rescue and Salvage - Ideas for Recycling Knits,Lucy Desgrey,General Knitting,,"Very imaginative ideas for reusing swatches, knit garments and other bits of knitting you may have around the house, including Making afghans, rugs, pillows, wall hangings, etc.",image52.jpg,General Reference,6,1,3,0.00,0
33,"Resource Book for Machine Knitters ","Kinder, Kathleen",Both Japanese and Passap Machines,https://amzn.to/3w0gCNi,"The author published a 2nd version of this book <a href=""https://www.knititnow.com/books/34/a-second-resource-book-for-machine-knitters"">A Second Resouce Book for Machine Knitters</a>",Resource Book.jpg," Fabric/Surface Design, General Reference",10,4,6,5.00,1
97,Ribber Workshop,Eileen Montgomery,Techniques,,Lovely collection of hats and scarves made using the ribber  on Brother and Singer machines.,image12.jpg,"Patterns, Techniques",5,2,4,0.00,0
116,Road Map to E-6000,Carl Peterson,Passap,,Detailed Flow chart for programming E-6000 machine techniques on the console,image29.jpg,Techniques,5,6,7,0.00,0
191,Sailing with the Garter Carriage: 14 unisex patterns for all Brother electronic and punchcard knitting machines,Waterhouse Phyllis," ",https://www.knititnow.com/store/product/535/sailing-with-the-garter-carriage/digitialdownload,this is available as an ebook,NULL," Fabric/Surface Design, Patterns",7,2,3,0.00,0
104,Simple Cut and Sew,Helen Loudwell,Both Japanese and Passap Machines,,Cut and sew simplified for Passap and Japanese machines. Lots of different neckbands for single and double Bed machines. Very easy to produce beautiful neckbands. Great for beginners.,image18.jpg,"Finishing, General Reference, Patterns, Techniques",8,7,4,4.00,1
156,Simply Sensational,Edited by Susan Guagliumi,Single Bed Knitting Machines,,"13 patterns for mid gauge machines, from roomy to fitted, fairisle to lace, weaving and cables. Mostly women's fashions but also a mans vest and cabled pullover. Even a hat!",Simply Sensational for Mid gauge machines.jpg,Patterns,7,4,7,0.00,0
113,Standee’s Kwik Knits,Sandee Cherry,Both Japanese and Passap Machines,,"Step by step fool-proof sweaters for all ages and sizes. Lots of charts and ideas. Patterns are for Japanese machines, but can easily be adapted to Passap machines. ",image26.jpg,"charting, Finishing, General Reference, Patterns, Techniques",6,5,4,5.00,1
179,SWAN Sock: sock without a name," Desgrey Lucy M.",Socks,,"This has been updated and re-written in digital, downloadable format. <a href=""https://www.knititnow.com/store/product/710/the-ultimate-machine-knit-socks-ebook/digitialdownload"">Ultimate Machine Knit Socks</a> ",NULL,Patterns,7,2,3,0.00,0
84,Sweater Design Workbook,Gail Selfridge,General Knitting,https://amzn.to/38zIG2e,"Make a basic sweater using full proof versatile basic patterns. The modular yoke design will make a baby sweater, a men’s cardigan, a woman’s classic V-neck Dash any design you wish with one pattern. It can be adapted to any size or style. The book includes graph paper to design your own sweaters. Very easy to follow instructions.",5C18FA5E-C9BD-4407-BE4D-B724B4AC5AA0.jpeg,"charting, Patterns, Techniques",4,4,8,0.00,0
124,Sweater Designing for Machine Knitters,Leslye Solomon,Japanese Machines,,"This is an excellent beginners book. It teaches you how to use a knitting machine and how to design and make your own sweaters, start to finish.  Great detailed explanations of charting, shaping, neckbands, patterning, etc., all the way through blocking your  finished sweater. ",image36.jpg,"charting, Finishing, General Reference, Machine Manual, Patterns, Techniques",6,11,8,5.00,1
137,Sweaters for Preschoolers,Eileen Montgomery,Both Japanese and Passap Machines,,Very detailed instructions for making children sweaters with diagrams and charts. Great for beginners making their first sweaters and experienced knitters Looking for ideas.,image49.jpg," Fabric/Surface Design, charting, Finishing, General Reference, Patterns, Techniques",3,1,2,0.00,0
28,Techniques for Machine Knitting: Part1,"Hutchison, Alles",Both Japanese and Passap Machines,https://countryknittingofmaine.com/AllesHutchinsonBooks.html,,needs_image.jpg,Techniques,5,19,3,0.00,0
35,Techniques in Machine Knitting,"Kinder, Kathleen",Both Japanese and Passap Machines,https://amzn.to/3y8CCYX,"Provides patterns and instructions for using a knitting machine to make a variety of hats, socks, gloves, sweaters, jackets, and blouses",techniques.jpg,Techniques,10,6,3,0.00,0
56,That Final Touch,"Sweet, Norma",Both Japanese and Passap Machines,https://amzn.to/3kzZcS7,"This is a booklet on Finishing Techniques for Machine Knitting. Complete with 107 Photographs and Illustrations. Topics included are Seaming, Short Rowing, Shoulder seams, Hems, Waistbands, Darts, Necklines and Collars, Armhole Finishes, Raglan Slants, Cuffs, Buttonbands, Pockets, and Garter Bar.",final_touch.jpg,Finishing,10,2,9,0.00,0
57,The ‘I Hate to Finish Sweaters’ Guide to Finishing Sweaters,"Szabo, Janet",Both Japanese and Passap Machines,https://amzn.to/37ZJNba,63 page booklet with instructions for completing a sweater project.,hate_to_finsih.jpg,Finishing,6,1,2,0.00,0
178,The 100 in 1 Sweater Book 3: for pre-teens and young adults,Conley Loretta," ",,,NULL,Patterns,7,2,4,0.00,0
81,The 100 in 1 Sweater Book for adults,Loretta Conley,Japanese Machines,,Row by row  instructions and techniques for adult sweaters. Great beginner book. Lots of designs and patterns. Can be adapted to any machine and DAK.,D861D9C4-760F-41DD-AE73-6B4CE79CBA36.jpeg,"charting, Finishing, General Reference, Patterns, Techniques",5,2,4,0.00,0
102,The 100 in 1 Sweater for Children,Loretta Conley,Japanese Machines,,Beginners books of sweaters to make for children two years and up with lots of lovely designs and patterns. Easy charting and step-by-step instructions. Great way to learn machine knitting.,8C8D2B45-5CB8-4083-86B8-05E237BDA8D5.jpeg,"charting, Finishing, General Reference, Patterns, Techniques",11,4,5,0.00,0
80,The 101 in 1 Sweater,Loretta Conley,Japanese Machines,,"For Pre-teens and young adults<br> Row by row instructions for machine knit sweaters for teens and young adults. For Japanese machines, but can be used on any machine. Very detailed and very simple for beginners. Lots of lovely designs.",7D591AB9-778F-4181-A71A-846A5267D8A7.jpeg,"charting, Finishing, General Reference, Patterns, Techniques",7,2,3,0.00,0
11,The Advanced Knitting Architect,"Elalouf, Sion",Both Japanese and Passap Machines,https://amzn.to/3kA4z3V,"Detailed instructions with drawings to enable the knitter to design or create a sweater that fits. Sub-headings include measurements, gauges, shape, constants, basic charting principles and their applications, sleeves, cardigans.",arachitect2.jpg,charting,10,12,12,5.00,1
184,The Art of Motif Knitting and 24 Stitch Design,Kinder Kathleen," ",,,the-art-of-motif-knitting.webp," Fabric/Surface Design",4,1,2,0.00,0
27,"The Book of Machine Knitting ","Holbourne, David",Both Japanese and Passap Machines,https://amzn.to/3OSvfux,"This book explains the different uses for the knitting machine. It explains the criteria for selecting different types of yarns and describes the range of fibers, weights and ply available. Then step by step instructions are given for all the techniques and solutions for problems which might arise.",basic book of MK.jpg,Techniques,11,5,4,0.00,0
181,The Double Bed: a combination book of double bed techniques,Griffiths Helen," ",,,the-double-bed.jpg,NULL,4,2,2,0.00,0
86,The E6000 Reference Book,Eileen Metcalf,Passap,,"A supplement to the E 6000 manual. Detailed  information on the use of the E-6000.  Lots of hints, tips and explanations.",image2.jpg,"Machine Manual, Techniques",4,5,7,0.00,0
118,The Form Collection- Model Books 35 through 44,Victoria Kearney,Passap,,"For anyone who uses the Passap form program. Hundreds of patterns taken from the Passap model books ready to be programmed into the Form program. Explicit directions for programming in sweaters, pants, dresses, etc. for men, women and children.",image31.jpg,"charting, Patterns, Techniques",5,3,13,0.00,0
173,The Garter Bar: learn the newest techniques,Alles Knitting Publications," ",,,the garter bar.jpg,NULL,5,1,2,0.00,0
122,The Garter Carriage,Diane Bennet,Japanese Machines,,Basic information and ideas for using your garter carriage. All the garments can be knitted on punchcard and electronic machines with any model gutter carriage. Stitch design and programs are included at the end of the book for the electronic machines.,image35.jpg,"General Reference, Machine Manual, Patterns, Techniques",7,3,8,0.00,0
175,The Garter Carriage: patterns and techniques,Bennett Diane," ",,,garter carriage.jpg,Garter Carriage,7,2,3,0.00,0
143,The Handbook for Manual Machine Knitters,Mary Anne Oger,Stitch patterns,,"A book with guidance for creating manual patterning. It also has information on preparing yarn, cast ons, decreasing and increasing.   I remembered I had this book after I struggled figuring out how to do Tuck manually on my Elna EK2300 bulky machine. I had read the book cover to cover a few years ago. I forgot about it.   The instructions for tuck were excellent and had I remembered the book when I started, it would have been easier. I am keeping this book on my table as I familiarize myself with this machine, and any other machines. ",IMG_9280.jpeg,"General Reference, Patterns, Techniques",20,6,9,5.00,3
107,The Harmony Guide to Machine Knitting Stitches,Harmony,Japanese Machines,https://amzn.to/3MBMGOE,"Hundreds of punchcard designs which can be used with electronic machines and DAK. Fairisle, lace, motifs, tuck stitch and cable patterns and charts. ",image21.jpg," Fabric/Surface Design, charting, Techniques",37,5,15,5.00,4
166,The KH965 User's Guide,Diane Bennett,Brother 965-specific instruction,,,965.jpg,NULL,9,5,6,0.00,0
51,The Knitter’s Companion,"Square, Vicki",General Knitting,https://amzn.to/3LL8OWm,"This favorite knitting guide features new color drawings that illustrate the close-up detail of stitches, gauges, joins, seams, borders, and buttonholes--and new photographs that show off the finished pieces. ",knitters_companion.jpg,Finishing,10,4,3,0.00,0
69,The Knitters Guide to Sweater Design,Carmen Michelson and Mary Ann Davis,General Knitting,https://amzn.to/3kOPtHH,This book will introduce you to the fundamentals of knitwear design and charting.,knitters guide.jpg,charting,15,7,14,5.00,2
68,The Knitters Handy Book of Patterns,Ann Budd,General Knitting,https://amzn.to/3OWnDr7,"Basic Designs in Multiple Sizes and Gauges ",knitters_guide.jpg,Patterns,15,2,2,4.75,4
65,The Knitting Architect,Dion Elalouf,Both Japanese and Passap Machines,https://amzn.to/3vEIPtV,,architect1.jpg,charting,8,2,3,4.00,1
50,The Knitting Machine Textbook: Using the Passap E-6000,"Simon, Marika",Passap,https://amzn.to/3w20LxB,,mk_handbook_simon.jpg,Techniques,10,13,6,5.00,1
19,The Knitting Machine Tutor,"Gordon, Angela",Single Bed Knitting Machines,https://amzn.to/3kBUljr,,tutor.jpg,"General Reference, Techniques",8,5,14,5.00,1
187,The Ladies' Guide to Polo Sweaters: featuring collars and plackets in full needle rib,Overmann Glenda," ",,,ladies-guide-to-polo-sweaters.jpg,Finishing,3,1,3,0.00,0
186,The Machine Knitter's Guide to Creating Fabrics,Lewis Susana and Julia Weissman," ",,,NULL," Fabric/Surface Design",5,2,2,0.00,0
92,The Machine Knitter's Handbook,Hazel Pope,Japanese Machines,https://amzn.to/3NilzrJ,"A classic guide for machine knitters.  It starts with choosing your machine, discusses tension and techniques as well as yarns and how to design your own garments. It includes photographs diagrams and charts. Great for beginners as well as experienced machine knitters.",image7.jpg," Fabric/Surface Design, charting, Finishing, General Reference, Patterns, Techniques",14,3,6,4.00,1
85,The Machine Knitter’s Design Book,Hazel Pope,Japanese Machines,https://amzn.to/3NjgBe5,A practical guide to creating beautiful knitwear. This is a book for ambitious beginners and for machine knitters with a little experience. It contains lots of beautiful designs to experiment with on your machine.,92D46FCD-EE37-48F5-8E12-B886444A32AF.jpeg," Fabric/Surface Design, Patterns, Techniques",11,3,13,0.00,0
17,The Machine Knitter’s Dictionary,"Gartshore, Linda",Both Japanese and Passap Machines,https://amzn.to/3KEpnBW,An A-Z of the techniques and processes used in machine knitting.,mk_dictionary.gif,General Reference,16,2,3,0.00,0
29,The Machine Knitter’s Workbook,"Hutchison, Alles,Hazel Selzer and Diana McNamara, ",Both Japanese and Passap Machines,,,needs_image7.jpg,"General Reference, Techniques",5,2,3,0.00,0
5,The Machine Knitting Book,"Allen, John",Both Japanese and Passap Machines,https://amzn.to/3KA6jop,,john allen MK.jpg," Fabric/Surface Design, Techniques",25,2,5,2.60,5
95,The Metbury Baby Book,Eileen Metcalf and Christina Salisbury,Passap,,"A collection of baby clothing including sweaters, pants, blankets, booties and mittens as well as hats made on the passive E 6000 in a variety of patterns and stitches.",image10.jpg,"Finishing, Patterns, Techniques",9,2,4,5.00,1
146,The Moneymakers #4,Alles Hutchinson,Stitch patterns,,"A flight plan for your magic carpet to success 72 patterns for your profitable knitting, plus 12 pages of business tips.",The Moneymakers 4.jpg,Patterns,6,2,3,0.00,0
14,"The Passap Handbook: Beginner Course, Volume I","Ernakovich, Bernadette",Passap,https://mkmanuals.com/for-sale/magazines-and-books/bernadette-ernakovich-passap-books.html#google_vignette,,passap_handbook1.jpg,General Reference,5,7,3,0.00,0
13,"The Passap Handbook: Deco, The Knitting Machine Vol 2","Ernakovich, Bernadette",Passap,https://mkmanuals.com/for-sale/magazines-and-books/bernadette-ernakovich-passap-books.html#google_vignette,,passap_handbook2.jpg," Fabric/Surface Design",12,4,4,0.00,0
26,The Principles of Knitting,"Hiatt, June Hemmons",General Knitting,https://amzn.to/3kDvoUF,"Now featuring new instructions, new illustrations, and new information, The Principles of Knitting—beloved by knitters everywhere and one of the most requested out-of-print books for years—finally gets the revision that fans have been clamoring for!<br><br> <em> Although focusing on hand knitting, this book contains much valuable information that relates to machine knitting as well</em>",The Principles of Knitting.jpg,"Finishing, General Reference",16,2,4,4.00,2
87,The Prolific Knitting Machine,Catherine Cartwright-Jones,Techniques,https://amzn.to/3yJ02UR,"This book teaches you how to design and make clothing for people of all ages and sizes. It covers a lot of machine knitting techniques. It is really not a beginners book, but it will help you learn how to design your own clothing.",image3.jpg," Fabric/Surface Design, charting, Finishing, Patterns, Techniques",32,3,5,4.00,3
142,The Ribbing Attachment Part 2,Mary Weaver,Japanese Machines,https://amzn.to/3xA9Zmg,NULL,mary_weaver.jpg,Techniques,12,2,1,5.00,1
90,The Rowan/Brother Designer Machine Knitting Book,Stephen Sheard,Japanese Machines,https://amzn.to/3LpQuAZ,"A collection of 25 patterns from top British designers in clear, easy to follow instructions with row by row machine setting details and color guide for the fair isle and stitch pattern sequences are. Made for punchcard machines that can easily be adapted. For experience knitters.",3C112988-F880-42AE-B9C0-41ED0BE6FBBE.jpeg," Fabric/Surface Design, Finishing, Patterns, Techniques",17,5,6,0.00,0
110,The Sweater Workshop,Jacqueline Fee,Hand Knitting,https://amzn.to/3lmyGfA,"If you knit, you need this book. The books gives instructions on knitting a sampler of techniques and when you are finished, you can easily make a sweater that you want.",download.jpeg,"charting, General Reference, Techniques",11,2,3,5.00,1
125,The Tap Dancing Lizard,Catherine Cartwright-Jones,Both Japanese and Passap Machines,,"337 lovely design charts for punchcard, electronic machines and DAK. A lot of very unique and interesting ideas.",image37.jpg,"charting, Patterns",12,2,10,4.00,1
63,"The Ultimate Machine Knit Socks (Swan Socks), Knit it Now",Knit it Now,Japanese Machines,https://www.knititnow.com/store/product/710/the-ultimate-machine-knit-socks-ebook/digitialdownload,"This book will change the way you knit socks on the knitting machine. Use it with standard, mid or bulky machines in 4 gauges for each machine.<br> <br> <a href=""https://amzn.to/42bNu70"" target=""_blank"" class=""btn btn-success"">Looking to buy a copy of the Printed version?</a>",KIn_socks.jpg,Patterns,17,6,1,4.80,5
88,The Uncomplicated Knitting Machine,Leslye Solomon,Japanese Machines,https://amzn.to/3a0PAxH,"A step-by-step guide to designing, planning and making sweaters on a knitting machine. Teaches you how to use your machine effectively in and walks you through creating your first sweaters.",image4.jpg,"charting, Finishing, General Reference, Techniques",15,7,8,3.50,2
174,Tones and Shades,Artika Designs," ",,,tones and shades.jpeg,NULL,6,2,3,0.00,0
132,Traditional Norwegian Sweaters,Yvonne M Rhodes,Japanese Machines,,"Patterns and designs and ideas for making mini Norwegian style pullovers and cardigans  using cut and sew for the necklines and cardigan front. Very easy technique, well explained and with illustrations, patterns and designs for punchcard or DAK. Written for the standard gage, but easy to adapt to the Passap with DAK",image44.jpg," Fabric/Surface Design, charting, Finishing, Patterns, Techniques",6,3,6,0.00,0
172,Traditional Patterns for G-Carriage Knitting,Joyce A Schneider,Brother 965-specific instruction,,Patterns to use with G-Carriage on electronic Brother machines,g carriage book.jpg,Patterns,6,2,3,0.00,0
158,Translating Between Hand and Machine Knitting,Vikki Haffenden,General Knitting,https://amzn.to/3SnJqeW,"Rediscovers the potential of domestic machine knitting to open up new possibilities for dedicated knitters, offering an equally creative, rewarding yet timesaving method of creating new designs. With over 500 images, this comprehensive guide offers detailed illustrated step-by-step explanations of techniques in both hand and machine knitting whilst offering inspiration and design advice. With  lessons on fibers and yarns, equipment requirements, and how to calculate garment shape and size from tension swatches. How to combine stitches to make surface texture and colour patterns as well as basic stitches and stitch construction. Also a few basic sewater patterns and charted designs.",Translating between hand and machine knitting.jpg," Fabric/Surface Design, charting, General Reference, Patterns, Techniques",11,4,2,5.00,1
16,Tuck Knitting: Designs and Patterns,"Faust, Regina",Japanese Machines,,An in-depth study of tuck stitch. The author uses just a few cards to demonstrate the almost limitless possibilities with tuck.,tuck_knitting.jpg," Fabric/Surface Design",11,8,11,0.00,0
168,Twisty Trims,Tricia Schafer Edwards,Fabric/Surface Design,,"By Tricia Shafer now Tricia Edwards:<br><br><em> I love to manipulate the stitches into interesting textures and shapes on my knitting machine. This is far more interesting to me than fairisle or intarsia designs. Something about getting my fingers next to the yarn, and digging in with my tools that is so satisfying.<br>,br> This book is a collection of twisted stitches to create trims to start any machine knit piece. Each trim starts at the cast on edge of the knit, but can easily be added to necklines, armholes, or other edges of knit. If you can use a 1, 2 and 3-prong tools, you can do the machine knit techniques needed for these trims. <br><br>Plus all techniques used to create the twisty trims are illustrated with step-by-step color photos. <ul> <li>15 Unique Edgings </li>   <li> Step-by-Step instructions for beginner machine knitters </li> <li>Can be made on any knitting machine</li> <li> LK150, mid-gauge, standard gauge or bulky machine </li> <li>Color photos of each technique</em></li> </ul>",twisty trims.jpg," Fabric/Surface Design",7,3,3,0.00,0
195,Ultimate Illustrated guide to Machine Knitting for Beginners,Sophia Anderson,Japanese Machines,https://amzn.to/44ezGcY,,Ultimat Illustratd guide to machine Knitting NOT.jpg,"Machine Manual, Patterns",4,3,2,0.00,0
127,Unique Necklines for Passap Knitters,Penelope Ragland,Passap,,"Tab collars, shawl collars, v necks, etc. ",image39.jpg,"Patterns, Techniques",9,2,5,0.00,0
114,Use Your Ribber,Diane Bennet,Japanese Machines,,"Detailed instructions for mastering the Ribber with patterns for knitting hats, scarves, skirts, sweaters, etc.  Step by step instructions insure perfection. ",image27.jpg,"Finishing, General Reference, Patterns, Techniques",4,2,4,0.00,0
59,Vogue Knitting,Vogue Knitting Editors,Hand Knitting,https://amzn.to/3OVd6Mv," The ultimate knitting reference, from the world’s most recognized knitting magazine, gets a thorough update—including 1,600 color images and brand-new sections with techniques and designs! <br><br> <em>Although the focus of this book is hand knitting, it contains quite a bit of valuable information that applies to machine knitting.<br><br></em> <div class=""row""> <div class=""col-sm-6 col-xs-12""> <ul> <li>Yarns and Supplies</li> <li>Basic Techniques</li> <li>Cables</li> <li>Color Knitting</li> <li>Lace</li> <li>Circular Knitting</li> <li>Directional Knitting</li> <li>Advanced Techniques</li> </ul>   </div> <div class=""col-sm-6 col-xs-12""> <ul> <li>Understanding Instructions</li> <li>Correcting Errors</li> <li>Finishing</li> <li>Designing Sweaters</li> <li>Designing Shawls</li> <li>Designing Accessories</li> <li>Embellishments</li> <li>Caring for Knitwear</li> </ul> </div> </div>",vogue_knitting_jpg.jpg,Finishing,13,3,5,4.50,2
61,"Weaver, Mary, Ribbing Attachment, Part 1","Weaver, Mary",Japanese Machines,,,mary_weaver_ribbing.jpg,General Reference,16,2,5,4.50,2
7,You Knit Unique,"Anderson, Lee",General Knitting,https://amzn.to/3858jrh,"""This is what they mean by ""thinking outside the box."" Andersen has written a book that is part knitting pattern book, part how to design book, and part artsy collection of wackiness. This New Zealander even shows how to take your knitting disasters...dropped stitches, holes, and just plain awful work, and turn it into part of the design.""",you_knit_unique_jpg.jpg,"Finishing, Patterns",7,2,4,3.00,1
