MachineID_FK,Taxonomy,Category
209,Hold,Technique
209,Fairisle,Technique
209,Tuck,Technique
209,Slip/Skip,Technique
209,Thread/Punch-Lace,Technique
299,Hold,Technique
299,Fairisle,Technique
299,Tuck,Technique
299,Slip/Skip,Technique
299,Thread/Punch-Lace,Technique
299,Lace,Technique
325,Hold,Technique
325,Tuck,Technique
325,Slip/Skip,Technique
325,Intarsia,Technique
325,Plaiting,Technique
287,Hold,Technique
287,Fairisle,Technique
287,Tuck,Technique
287,Slip/Skip,Technique
287,Thread/Punch-Lace,Technique
287,Knit-Weave,Technique
362,Hold,Technique
362,Fairisle,Technique
362,Tuck,Technique
362,Slip/Skip,Technique
362,Thread/Punch-Lace,Technique
362,Knit-Weave,Technique
359,Plain,Technique
359,Slip/Skip,Technique
359,Hold,Technique
359,Plaiting,Technique
359,Tuck,Technique
359,Intarsia,Technique
210,Plain,Technique
210,Knit-Weave,Technique
210,Slip/Skip,Technique
210,Fairisle,Technique
210,Thread/Punch-Lace,Technique
210,Hold,Technique
210,Plaiting,Technique
210,Tuck,Technique
306,Plain,Technique
306,Knit-Weave,Technique
306,Slip/Skip,Technique
306,Fairisle,Technique
306,Lace,Technique
306,Thread/Punch-Lace,Technique
306,Hold,Technique
306,Plaiting,Technique
306,Tuck,Technique
290,Plain,Technique
290,Knit-Weave,Technique
290,Slip/Skip,Technique
290,Fairisle,Technique
290,Lace,Technique
290,Thread/Punch-Lace,Technique
290,Hold,Technique
290,Plaiting,Technique
290,Tuck,Technique
217,Plain,Technique
217,Knit-Weave,Technique
217,Slip/Skip,Technique
217,Fairisle,Technique
217,Lace,Technique
217,Hold,Technique
217,Tuck,Technique
253,Plain,Technique
253,Knit-Weave,Technique
253,Slip/Skip,Technique
253,Fairisle,Technique
253,Lace,Technique
253,Thread/Punch-Lace,Technique
253,Hold,Technique
253,Plaiting,Technique
253,Tuck,Technique
235,Plain,Technique
235,Knit-Weave,Technique
235,Slip/Skip,Technique
235,Fairisle,Technique
235,Lace,Technique
235,Thread/Punch-Lace,Technique
235,Hold,Technique
235,Plaiting,Technique
235,Tuck,Technique
235,Intarsia,Technique
208,Plain,Technique
208,Knit-Weave,Technique
208,Slip/Skip,Technique
208,Fairisle,Technique
208,Thread/Punch-Lace,Technique
208,Hold,Technique
208,Plaiting,Technique
208,Tuck,Technique
251,Plain,Technique
251,Knit-Weave,Technique
251,Slip/Skip,Technique
251,Fairisle,Technique
251,Lace,Technique
251,Hold,Technique
251,Tuck,Technique
220,Plain,Technique
220,Knit-Weave,Technique
220,Slip/Skip,Technique
220,Fairisle,Technique
220,Lace,Technique
220,Hold,Technique
220,Tuck,Technique
222,Plain,Technique
222,Knit-Weave,Technique
222,Slip/Skip,Technique
222,Fairisle,Technique
222,Lace,Technique
222,Thread/Punch-Lace,Technique
222,Hold,Technique
222,Plaiting,Technique
222,Tuck,Technique
222,Intarsia,Technique
228,Plain,Technique
228,Knit-Weave,Technique
228,Slip/Skip,Technique
228,Fairisle,Technique
228,Lace,Technique
228,Thread/Punch-Lace,Technique
228,Hold,Technique
228,Plaiting,Technique
228,Tuck,Technique
228,Intarsia,Technique
230,Plain,Technique
230,Knit-Weave,Technique
230,Slip/Skip,Technique
230,Fairisle,Technique
230,Lace,Technique
230,Thread/Punch-Lace,Technique
230,Hold,Technique
230,Plaiting,Technique
230,Tuck,Technique
230,Intarsia,Technique
252,Plain,Technique
252,Knit-Weave,Technique
252,Slip/Skip,Technique
252,Fairisle,Technique
252,Lace,Technique
252,Thread/Punch-Lace,Technique
252,Hold,Technique
252,Plaiting,Technique
252,Tuck,Technique
252,Intarsia,Technique
254,Plain,Technique
254,Knit-Weave,Technique
254,Slip/Skip,Technique
254,Fairisle,Technique
254,Lace,Technique
254,Thread/Punch-Lace,Technique
254,Hold,Technique
254,Plaiting,Technique
254,Tuck,Technique
254,Intarsia,Technique
236,Plain,Technique
236,Knit-Weave,Technique
236,Slip/Skip,Technique
236,Fairisle,Technique
236,Lace,Technique
236,Thread/Punch-Lace,Technique
236,Hold,Technique
236,Plaiting,Technique
236,Tuck,Technique
236,Intarsia,Technique
238,Plain,Technique
238,Knit-Weave,Technique
238,Slip/Skip,Technique
238,Fairisle,Technique
238,Lace,Technique
238,Thread/Punch-Lace,Technique
238,Hold,Technique
238,Plaiting,Technique
238,Tuck,Technique
238,Intarsia,Technique
239,Plain,Technique
239,Knit-Weave,Technique
239,Slip/Skip,Technique
239,Fairisle,Technique
239,Lace,Technique
239,Thread/Punch-Lace,Technique
239,Hold,Technique
239,Plaiting,Technique
239,Tuck,Technique
239,Intarsia,Technique
241,Plain,Technique
241,Slip/Skip,Technique
241,Hold,Technique
241,Tuck,Technique
255,Plain,Technique
255,Knit-Weave,Technique
255,Slip/Skip,Technique
255,Fairisle,Technique
255,Lace,Technique
255,Thread/Punch-Lace,Technique
255,Hold,Technique
255,Plaiting,Technique
255,Tuck,Technique
255,Intarsia,Technique
207,Plain,Technique
207,Slip/Skip,Technique
207,Hold,Technique
207,Plaiting,Technique
207,Tuck,Technique
207,Intarsia,Technique
358,Plain,Technique
358,Knit-Weave,Technique
358,Slip/Skip,Technique
358,Fairisle,Technique
358,Thread/Punch-Lace,Technique
358,Hold,Technique
358,Plaiting,Technique
358,Tuck,Technique
361,Plain,Technique
361,Knit-Weave,Technique
361,Slip/Skip,Technique
361,Fairisle,Technique
361,Thread/Punch-Lace,Technique
361,Hold,Technique
361,Plaiting,Technique
361,Tuck,Technique
360,Plain,Technique
360,Knit-Weave,Technique
360,Slip/Skip,Technique
360,Fairisle,Technique
360,Lace,Technique
360,Thread/Punch-Lace,Technique
360,Hold,Technique
360,Plaiting,Technique
360,Tuck,Technique
218,Plain,Technique
218,Knit-Weave,Technique
218,Slip/Skip,Technique
218,Fairisle,Technique
218,Lace,Technique
218,Hold,Technique
218,Tuck,Technique
225,Plain,Technique
225,Knit-Weave,Technique
225,Slip/Skip,Technique
225,Fairisle,Technique
225,Lace,Technique
225,Thread/Punch-Lace,Technique
225,Hold,Technique
225,Plaiting,Technique
225,Tuck,Technique
226,Plain,Technique
226,Knit-Weave,Technique
226,Slip/Skip,Technique
226,Fairisle,Technique
226,Lace,Technique
226,Thread/Punch-Lace,Technique
226,Hold,Technique
226,Plaiting,Technique
226,Tuck,Technique
233,Plain,Technique
233,Knit-Weave,Technique
233,Slip/Skip,Technique
233,Fairisle,Technique
233,Lace,Technique
233,Thread/Punch-Lace,Technique
233,Hold,Technique
233,Plaiting,Technique
233,Tuck,Technique
365,Plain,Technique
365,Slip/Skip,Technique
365,Hold,Technique
365,Tuck,Technique
352,Plain,Technique
352,Knit-Weave,Technique
352,Slip/Skip,Technique
352,Lace,Technique
352,Hold,Technique
352,Tuck,Technique
323,Slip/Skip,Technique
323,Hold,Technique
323,Tuck,Technique
347,Plain,Technique
347,Knit-Weave,Technique
347,Slip/Skip,Technique
347,Fairisle,Technique
347,Hold,Technique
347,Tuck,Technique
348,Plain,Technique
348,Knit-Weave,Technique
348,Slip/Skip,Technique
348,Fairisle,Technique
348,Lace,Technique
348,Hold,Technique
348,Tuck,Technique
349,Plain,Technique
349,Knit-Weave,Technique
349,Slip/Skip,Technique
349,Fairisle,Technique
349,Lace,Technique
349,Hold,Technique
349,Plaiting,Technique
349,Tuck,Technique
353,Plain,Technique
353,Knit-Weave,Technique
353,Slip/Skip,Technique
353,Fairisle,Technique
353,Lace,Technique
353,Thread/Punch-Lace,Technique
353,Hold,Technique
353,Tuck,Technique
257,Plain,Technique
257,Knit-Weave,Technique
257,Slip/Skip,Technique
257,Fairisle,Technique
257,Lace,Technique
257,Thread/Punch-Lace,Technique
257,Hold,Technique
257,Tuck,Technique
356,Plain,Technique
356,Knit-Weave,Technique
356,Fairisle,Technique
356,Hold,Technique
342,Plain,Technique
342,Knit-Weave,Technique
342,Slip/Skip,Technique
342,Fairisle,Technique
342,Hold,Technique
342,Tuck,Technique
367,Plain,Technique
367,Knit-Weave,Technique
367,Slip/Skip,Technique
367,Hold,Technique
367,Tuck,Technique
368,Plain,Technique
368,Slip/Skip,Technique
368,Fairisle,Technique
368,Hold,Technique
368,Tuck,Technique
368,Intarsia,Technique
205,Plain,Technique
205,Slip/Skip,Technique
205,Hold,Technique
205,Plaiting,Technique
205,Tuck,Technique
205,Intarsia,Technique
259,Plain,Technique
259,Knit-Weave,Technique
259,Slip/Skip,Technique
259,Fairisle,Technique
259,Lace,Technique
259,Hold,Technique
259,Tuck,Technique
321,Plain,Technique
321,Hold,Technique
321,Tuck,Technique
322,Plain,Technique
322,Slip/Skip,Technique
322,Fairisle,Technique
322,Hold,Technique
322,Tuck,Technique
341,Plain,Technique
341,Hold,Technique
341,Tuck,Technique
328,Plain,Technique
328,Slip/Skip,Technique
328,Fairisle,Technique
328,Hold,Technique
328,Tuck,Technique
279,Plain,Technique
279,Slip/Skip,Technique
279,Hold,Technique
279,Plaiting,Technique
279,Tuck,Technique
279,Intarsia,Technique
324,Plain,Technique
324,Slip/Skip,Technique
324,Fairisle,Technique
324,Hold,Technique
324,Plaiting,Technique
324,Tuck,Technique
261,Plain,Technique
261,Slip/Skip,Technique
261,Fairisle,Technique
261,Hold,Technique
261,Tuck,Technique
246,Plain,Technique
246,Slip/Skip,Technique
246,Hold,Technique
246,Plaiting,Technique
246,Tuck,Technique
246,Intarsia,Technique
206,Plain,Technique
206,Slip/Skip,Technique
206,Hold,Technique
206,Tuck,Technique
240,Plain,Technique
240,Slip/Skip,Technique
240,Hold,Technique
240,Tuck,Technique
240,Intarsia,Technique
310,Plain,Technique
310,Knit-Weave,Technique
310,Slip/Skip,Technique
310,Fairisle,Technique
310,Lace,Technique
310,Thread/Punch-Lace,Technique
310,Hold,Technique
310,Plaiting,Technique
310,Tuck,Technique
311,Plain,Technique
311,Knit-Weave,Technique
311,Slip/Skip,Technique
311,Fairisle,Technique
311,Lace,Technique
311,Hold,Technique
311,Plaiting,Technique
311,Tuck,Technique
248,Plain,Technique
248,Knit-Weave,Technique
248,Slip/Skip,Technique
248,Fairisle,Technique
248,Hold,Technique
248,Tuck,Technique
256,Plain,Technique
256,Slip/Skip,Technique
256,Hold,Technique
256,Tuck,Technique
256,Intarsia,Technique
271,Plain,Technique
271,Slip/Skip,Technique
271,Hold,Technique
271,Tuck,Technique
354,Plain,Technique
354,Slip/Skip,Technique
354,Fairisle,Technique
354,Hold,Technique
354,Tuck,Technique
354,Intarsia,Technique
291,Plain,Technique
291,Knit-Weave,Technique
291,Slip/Skip,Technique
291,Lace,Technique
291,Hold,Technique
291,Plaiting,Technique
291,Tuck,Technique
307,Plain,Technique
307,Knit-Weave,Technique
307,Slip/Skip,Technique
307,Fairisle,Technique
307,Lace,Technique
307,Thread/Punch-Lace,Technique
307,Hold,Technique
307,Plaiting,Technique
307,Tuck,Technique
292,Knit-Weave,Technique
292,Slip/Skip,Technique
292,Fairisle,Technique
292,Thread/Punch-Lace,Technique
292,Hold,Technique
292,Plaiting,Technique
292,Tuck,Technique
293,Plain,Technique
293,Knit-Weave,Technique
293,Slip/Skip,Technique
293,Fairisle,Technique
293,Hold,Technique
293,Tuck,Technique
294,Plain,Technique
294,Knit-Weave,Technique
294,Slip/Skip,Technique
294,Fairisle,Technique
294,Hold,Technique
294,Tuck,Technique
296,Plain,Technique
296,Knit-Weave,Technique
296,Slip/Skip,Technique
296,Fairisle,Technique
296,Thread/Punch-Lace,Technique
296,Hold,Technique
296,Tuck,Technique
300,Plain,Technique
300,Knit-Weave,Technique
300,Slip/Skip,Technique
300,Fairisle,Technique
300,Thread/Punch-Lace,Technique
300,Hold,Technique
300,Plaiting,Technique
300,Tuck,Technique
301,Plain,Technique
301,Knit-Weave,Technique
301,Slip/Skip,Technique
301,Fairisle,Technique
301,Thread/Punch-Lace,Technique
301,Hold,Technique
301,Plaiting,Technique
301,Tuck,Technique
302,Plain,Technique
302,Knit-Weave,Technique
302,Slip/Skip,Technique
302,Fairisle,Technique
302,Thread/Punch-Lace,Technique
302,Hold,Technique
302,Plaiting,Technique
302,Tuck,Technique
303,Plain,Technique
303,Knit-Weave,Technique
303,Slip/Skip,Technique
303,Fairisle,Technique
303,Thread/Punch-Lace,Technique
303,Hold,Technique
303,Plaiting,Technique
303,Tuck,Technique
304,Plain,Technique
304,Knit-Weave,Technique
304,Slip/Skip,Technique
304,Fairisle,Technique
304,Thread/Punch-Lace,Technique
304,Hold,Technique
304,Plaiting,Technique
304,Tuck,Technique
308,Plain,Technique
308,Slip/Skip,Technique
308,Thread/Punch-Lace,Technique
308,Hold,Technique
308,Plaiting,Technique
308,Tuck,Technique
316,Knit-Weave,Technique
316,Slip/Skip,Technique
316,Fairisle,Technique
316,Thread/Punch-Lace,Technique
316,Hold,Technique
316,Plaiting,Technique
316,Tuck,Technique
318,Plain,Technique
318,Knit-Weave,Technique
318,Slip/Skip,Technique
318,Fairisle,Technique
318,Thread/Punch-Lace,Technique
318,Hold,Technique
318,Plaiting,Technique
318,Tuck,Technique
320,Plain,Technique
320,Knit-Weave,Technique
320,Slip/Skip,Technique
320,Fairisle,Technique
320,Thread/Punch-Lace,Technique
320,Hold,Technique
320,Tuck,Technique
334,Plain,Technique
334,Slip/Skip,Technique
334,Fairisle,Technique
334,Hold,Technique
334,Plaiting,Technique
334,Tuck,Technique
335,Plain,Technique
335,Slip/Skip,Technique
335,Hold,Technique
335,Tuck,Technique
336,Plain,Technique
336,Knit-Weave,Technique
336,Slip/Skip,Technique
336,Fairisle,Technique
336,Hold,Technique
336,Tuck,Technique
244,Plain,Technique
244,Slip/Skip,Technique
244,Hold,Technique
244,Tuck,Technique
371,Plain,Technique
371,Knit-Weave,Technique
371,Slip/Skip,Technique
371,Fairisle,Technique
371,Lace,Technique
371,Hold,Technique
371,Plaiting,Technique
371,Tuck,Technique
371,Intarsia,Technique
288,Plain,Technique
288,Knit-Weave,Technique
288,Slip/Skip,Technique
288,Lace,Technique
288,Hold,Technique
288,Plaiting,Technique
288,Tuck,Technique
288,Intarsia,Technique
204,Plain,Technique
204,Knit-Weave,Technique
204,Slip/Skip,Technique
204,Fairisle,Technique
204,Lace,Technique
204,Thread/Punch-Lace,Technique
204,Hold,Technique
204,Plaiting,Technique
204,Tuck,Technique
204,Intarsia,Technique
315,Plain,Technique
315,Knit-Weave,Technique
315,Slip/Skip,Technique
315,Fairisle,Technique
315,Thread/Punch-Lace,Technique
315,Hold,Technique
315,Plaiting,Technique
315,Tuck,Technique
315,Intarsia,Technique
263,Knit-Weave,Technique
263,Slip/Skip,Technique
263,Fairisle,Technique
263,Lace,Technique
263,Thread/Punch-Lace,Technique
263,Hold,Technique
263,Plaiting,Technique
263,Tuck,Technique
263,Intarsia,Technique
372,Plain,Technique
372,Knit-Weave,Technique
372,Slip/Skip,Technique
372,Fairisle,Technique
372,Hold,Technique
372,Tuck,Technique
373,Plain,Technique
373,Fairisle,Technique
373,Tuck,Technique
374,Plain,Technique
374,Fairisle,Technique
374,Tuck,Technique
375,Plain,Technique
375,Slip/Skip,Technique
375,Fairisle,Technique
375,Hold,Technique
375,Tuck,Technique
376,Plain,Technique
376,Slip/Skip,Technique
376,Fairisle,Technique
376,Lace,Technique
376,Hold,Technique
376,Tuck,Technique
378,Plain,Technique
378,Slip/Skip,Technique
378,Hold,Technique
378,Tuck,Technique
378,Intarsia,Technique
227,Plain,Technique
227,Knit-Weave,Technique
227,Slip/Skip,Technique
227,Fairisle,Technique
227,Lace,Technique
227,Hold,Technique
227,Plaiting,Technique
227,Tuck,Technique
224,Plain,Technique
224,Knit-Weave,Technique
224,Slip/Skip,Technique
224,Fairisle,Technique
224,Lace,Technique
224,Hold,Technique
224,Plaiting,Technique
224,Tuck,Technique
224,Intarsia,Technique
231,Plain,Technique
231,Knit-Weave,Technique
231,Slip/Skip,Technique
231,Fairisle,Technique
231,Lace,Technique
231,Hold,Technique
231,Plaiting,Technique
231,Tuck,Technique
231,Intarsia,Technique
232,Plain,Technique
232,Knit-Weave,Technique
232,Slip/Skip,Technique
232,Fairisle,Technique
232,Lace,Technique
232,Hold,Technique
232,Plaiting,Technique
232,Tuck,Technique
380,Plain,Technique
380,Slip/Skip,Technique
380,Hold,Technique
380,Tuck,Technique
381,Plain,Technique
381,Slip/Skip,Technique
381,Fairisle,Technique
381,Hold,Technique
381,Tuck,Technique
351,Plain,Technique
351,Knit-Weave,Technique
351,Slip/Skip,Technique
351,Fairisle,Technique
351,Lace,Technique
351,Hold,Technique
351,Plaiting,Technique
351,Tuck,Technique
262,Plain,Technique
262,Knit-Weave,Technique
262,Hold,Technique
262,Tuck,Technique
382,Plain,Technique
382,Knit-Weave,Technique
382,Slip/Skip,Technique
382,Fairisle,Technique
382,Lace,Technique
382,Hold,Technique
382,Plaiting,Technique
382,Tuck,Technique
283,Plain,Technique
283,Slip/Skip,Technique
283,Fairisle,Technique
283,Hold,Technique
283,Plaiting,Technique
283,Tuck,Technique
283,Intarsia,Technique
317,Knit-Weave,Technique
317,Slip/Skip,Technique
317,Fairisle,Technique
317,Lace,Technique
317,Thread/Punch-Lace,Technique
317,Hold,Technique
317,Plaiting,Technique
317,Tuck,Technique
384,Plain,Technique
384,Slip/Skip,Technique
384,Fairisle,Technique
384,Hold,Technique
384,Plaiting,Technique
384,Tuck,Technique
350,Plain,Technique
350,Knit-Weave,Technique
350,Slip/Skip,Technique
350,Fairisle,Technique
350,Lace,Technique
350,Hold,Technique
350,Plaiting,Technique
350,Tuck,Technique
350,Intarsia,Technique
280,Plain,Technique
280,Slip/Skip,Technique
280,Hold,Technique
280,Tuck,Technique
280,Intarsia,Technique
289,Plain,Technique
289,Slip/Skip,Technique
289,Thread/Punch-Lace,Technique
289,Plaiting,Technique
289,Tuck,Technique
289,Intarsia,Technique
385,Plain,Technique
385,Slip/Skip,Technique
385,Fairisle,Technique
385,Tuck,Technique
216,Plain,Technique
216,Knit-Weave,Technique
216,Lace,Technique
216,Hold,Technique
386,Plain,Technique
386,Knit-Weave,Technique
386,Slip/Skip,Technique
386,Fairisle,Technique
386,Lace,Technique
386,Hold,Technique
386,Tuck,Technique
389,Tuck,Technique
364,Plain,Technique
364,Knit-Weave,Technique
364,Slip/Skip,Technique
364,Fairisle,Technique
364,Hold,Technique
364,Plaiting,Technique
364,Tuck,Technique
364,Intarsia,Technique
285,Plain,Technique
285,Knit-Weave,Technique
285,Slip/Skip,Technique
285,Fairisle,Technique
285,Hold,Technique
285,Plaiting,Technique
285,Tuck,Technique
285,Intarsia,Technique
